<?xml version="1.0" encoding="UTF-8"?>
<ti:app xmlns:ti="http://ti.appcelerator.org">
    <id>com.geonn.framework.v2</id>
    <name>Framework_v2</name>
    <version>1.0</version>
    <publisher>HatsuneMiku</publisher>
    <url/>
    <description>undefined</description>
    <copyright>2015 by HatsuneMiku</copyright>
    <icon>appicon.png</icon>
    <fullscreen>false</fullscreen>
    <navbar-hidden>false</navbar-hidden>
    <analytics>true</analytics>
    <guid>f90c9196-2a5c-4170-9666-4b63a91be99a</guid>
    <property name="ti.ui.defaultunit" type="string">dp</property>
    <ios>
        <plist>
            <dict>
                <key>UISupportedInterfaceOrientations~iphone</key>
                <array>
                    <string>UIInterfaceOrientationPortrait</string>
                </array>
                <key>UISupportedInterfaceOrientations~ipad</key>
                <array>
                    <string>UIInterfaceOrientationPortrait</string>
                    <string>UIInterfaceOrientationPortraitUpsideDown</string>
                    <string>UIInterfaceOrientationLandscapeLeft</string>
                    <string>UIInterfaceOrientationLandscapeRight</string>
                </array>
                <key>UIRequiresPersistentWiFi</key>
                <false/>
                <key>UIPrerenderedIcon</key>
                <false/>
                <key>UIStatusBarHidden</key>
                <false/>
                <key>UIStatusBarStyle</key>
                <string>UIStatusBarStyleDefault</string>
            </dict>
        </plist>
    </ios>
    <android xmlns:android="http://schemas.android.com/apk/res/android"/>
    <mobileweb>
        <precache/>
        <splash>
            <enabled>true</enabled>
            <inline-css-images>true</inline-css-images>
        </splash>
        <theme>default</theme>
    </mobileweb>
    <modules>
        <module platform="commonjs">ti.cloud</module>
    </modules>
    <deployment-targets>
        <target device="android">true</target>
        <target device="ipad">true</target>
        <target device="iphone">true</target>
        <target device="mobileweb">true</target>
        <target device="windows">false</target>
    </deployment-targets>
    <sdk-version>6.0.1.GA</sdk-version>
    <plugins>
        <plugin version="1.0">ti.alloy</plugin>
    </plugins>
    <property name="appc-app-id" type="string">567a06a13eb9a4f9267c38a8</property>
    <property name="acs-authbase-url-development" type="string">https://secure-identity.cloud.appcelerator.com</property>
    <property name="acs-base-url-development" type="string">https://api.cloud.appcelerator.com</property>
    <property name="acs-oauth-secret-development" type="string">frG7VcttDQzxqDphd4xGPvrdW1m7RZxO</property>
    <property name="acs-oauth-key-development" type="string">uLktTV0oy10yxSDifxk5jYGXDi450ZqA</property>
    <property name="acs-api-key-development" type="string">VQKvkAYj5qMCuyalvaKD09Nq966RltlP</property>
    <property name="acs-username-development" type="string">appc_app_user_dev</property>
    <property name="acs-password-development" type="string">1EoJA05SHF4ZDXSCzI</property>
    <property name="acs-authbase-url-production" type="string">https://secure-identity.cloud.appcelerator.com</property>
    <property name="acs-base-url-production" type="string">https://api.cloud.appcelerator.com</property>
    <property name="acs-oauth-secret-production" type="string">Pw0WFHbRsOB1nbdwTOp56QFlEftwbuox</property>
    <property name="acs-oauth-key-production" type="string">20yFu79wGE7FRIEZ7CPr8G6sBTBybxWt</property>
    <property name="acs-api-key-production" type="string">m70wirgH5NE7d6YHB6A0laY658rUCFJA</property>
    <property name="acs-username-production" type="string">appc_app_user</property>
    <property name="acs-password-production" type="string">HypVFKB13uRJFgcldy</property>
    <property name="appc-org-id" type="string">100026224</property>
    <property name="appc-creator-user-id" type="string">37d3be16-02d7-4f77-9c31-7aadd8bc5011</property>
</ti:app>
